{
  "03_CatsPage-98" : {
    "transaction" : "03_CatsPage-98",
    "sampleCount" : 1300,
    "errorCount" : 30,
    "errorPct" : 2.3076923,
    "meanResTime" : 2356.804615384617,
    "medianResTime" : 611.5,
    "minResTime" : 160.0,
    "maxResTime" : 62042.0,
    "pct1ResTime" : 2787.700000000002,
    "pct2ResTime" : 5442.750000000004,
    "pct3ResTime" : 60580.74,
    "throughput" : 4.552729361252071,
    "receivedKBytesPerSec" : 28.610056514036415,
    "sentKBytesPerSec" : 2.3830692750303806
  },
  "04_Persian-101" : {
    "transaction" : "04_Persian-101",
    "sampleCount" : 1300,
    "errorCount" : 38,
    "errorPct" : 2.9230769,
    "meanResTime" : 2644.3361538461545,
    "medianResTime" : 602.5,
    "minResTime" : 160.0,
    "maxResTime" : 67728.0,
    "pct1ResTime" : 2432.1000000000017,
    "pct2ResTime" : 8759.500000000055,
    "pct3ResTime" : 60704.98,
    "throughput" : 4.561643595276944,
    "receivedKBytesPerSec" : 29.018111698861343,
    "sentKBytesPerSec" : 2.467920460726003
  },
  "08_ConfirmCheckout-117" : {
    "transaction" : "08_ConfirmCheckout-117",
    "sampleCount" : 1300,
    "errorCount" : 15,
    "errorPct" : 1.1538461,
    "meanResTime" : 1277.1207692307696,
    "medianResTime" : 211.0,
    "minResTime" : 156.0,
    "maxResTime" : 61099.0,
    "pct1ResTime" : 1209.9,
    "pct2ResTime" : 2297.4500000000007,
    "pct3ResTime" : 32470.05,
    "throughput" : 4.580868180232496,
    "receivedKBytesPerSec" : 3.6009987283686122,
    "sentKBytesPerSec" : 4.115623755677634
  },
  "09_SignOut-126" : {
    "transaction" : "09_SignOut-126",
    "sampleCount" : 1300,
    "errorCount" : 7,
    "errorPct" : 0.53846157,
    "meanResTime" : 1191.1253846153847,
    "medianResTime" : 546.0,
    "minResTime" : 160.0,
    "maxResTime" : 60903.0,
    "pct1ResTime" : 1761.8000000000002,
    "pct2ResTime" : 3276.0,
    "pct3ResTime" : 11215.000000000007,
    "throughput" : 4.603953733806478,
    "receivedKBytesPerSec" : 29.799505561930264,
    "sentKBytesPerSec" : 2.504299052470907
  },
  "06_AddtoCart-110" : {
    "transaction" : "06_AddtoCart-110",
    "sampleCount" : 1300,
    "errorCount" : 16,
    "errorPct" : 1.2307693,
    "meanResTime" : 1715.4615384615377,
    "medianResTime" : 570.0,
    "minResTime" : 161.0,
    "maxResTime" : 61499.0,
    "pct1ResTime" : 2385.5000000000014,
    "pct2ResTime" : 4112.600000000001,
    "pct3ResTime" : 31124.56,
    "throughput" : 4.572940154283965,
    "receivedKBytesPerSec" : 29.14964226636673,
    "sentKBytesPerSec" : 2.402579885746849
  },
  "09_SignOut-125" : {
    "transaction" : "09_SignOut-125",
    "sampleCount" : 1300,
    "errorCount" : 6,
    "errorPct" : 0.46153846,
    "meanResTime" : 840.180769230769,
    "medianResTime" : 196.5,
    "minResTime" : 155.0,
    "maxResTime" : 61187.0,
    "pct1ResTime" : 1191.0,
    "pct2ResTime" : 1653.700000000003,
    "pct3ResTime" : 7962.560000000002,
    "throughput" : 4.597034559091344,
    "receivedKBytesPerSec" : 2.9463634915007906,
    "sentKBytesPerSec" : 2.5319604407495286
  },
  "02_SignIn-90" : {
    "transaction" : "02_SignIn-90",
    "sampleCount" : 1300,
    "errorCount" : 13,
    "errorPct" : 1.0,
    "meanResTime" : 1876.6676923076934,
    "medianResTime" : 619.0,
    "minResTime" : 161.0,
    "maxResTime" : 61666.0,
    "pct1ResTime" : 2520.7000000000003,
    "pct2ResTime" : 4834.050000000002,
    "pct3ResTime" : 32184.56,
    "throughput" : 4.552075746540423,
    "receivedKBytesPerSec" : 29.525826081380607,
    "sentKBytesPerSec" : 2.3605002162235977
  },
  "01_HomePage-63" : {
    "transaction" : "01_HomePage-63",
    "sampleCount" : 1300,
    "errorCount" : 23,
    "errorPct" : 1.7692307,
    "meanResTime" : 2056.77846153846,
    "medianResTime" : 634.0,
    "minResTime" : 162.0,
    "maxResTime" : 67761.0,
    "pct1ResTime" : 2523.6000000000004,
    "pct2ResTime" : 4739.400000000002,
    "pct3ResTime" : 60298.47,
    "throughput" : 4.537632682124869,
    "receivedKBytesPerSec" : 29.468215628305057,
    "sentKBytesPerSec" : 2.0516835271716936
  },
  "03_CatsPage-100" : {
    "transaction" : "03_CatsPage-100",
    "sampleCount" : 1300,
    "errorCount" : 0,
    "errorPct" : 0.0,
    "meanResTime" : 228.42153846153838,
    "medianResTime" : 104.0,
    "minResTime" : 87.0,
    "maxResTime" : 2737.0,
    "pct1ResTime" : 445.7000000000003,
    "pct2ResTime" : 649.9000000000001,
    "pct3ResTime" : 1272.94,
    "throughput" : 4.556080088878608,
    "receivedKBytesPerSec" : 2.4649105168347156,
    "sentKBytesPerSec" : 3.5193938967802527
  },
  "07_Checkout-113" : {
    "transaction" : "07_Checkout-113",
    "sampleCount" : 1300,
    "errorCount" : 20,
    "errorPct" : 1.5384616,
    "meanResTime" : 1436.473076923077,
    "medianResTime" : 209.0,
    "minResTime" : 156.0,
    "maxResTime" : 75347.0,
    "pct1ResTime" : 1205.0,
    "pct2ResTime" : 3194.4500000000007,
    "pct3ResTime" : 60442.16,
    "throughput" : 4.576127399386799,
    "receivedKBytesPerSec" : 3.726415618410816,
    "sentKBytesPerSec" : 2.3953166856165273
  },
  "Total" : {
    "transaction" : "Total",
    "sampleCount" : 20800,
    "errorCount" : 301,
    "errorPct" : 1.4471154,
    "meanResTime" : 1624.7713461538344,
    "medianResTime" : 373.0,
    "minResTime" : 87.0,
    "maxResTime" : 75347.0,
    "pct1ResTime" : 1714.800000000003,
    "pct2ResTime" : 3568.9000000000015,
    "pct3ResTime" : 60160.98,
    "throughput" : 71.72166477018034,
    "receivedKBytesPerSec" : 256.09455344751046,
    "sentKBytesPerSec" : 41.748627741284785
  },
  "02_SignIn-86" : {
    "transaction" : "02_SignIn-86",
    "sampleCount" : 1300,
    "errorCount" : 25,
    "errorPct" : 1.9230769,
    "meanResTime" : 2046.1084615384616,
    "medianResTime" : 599.0,
    "minResTime" : 160.0,
    "maxResTime" : 63444.0,
    "pct1ResTime" : 2431.100000000001,
    "pct2ResTime" : 5469.450000000003,
    "pct3ResTime" : 59888.05000000025,
    "throughput" : 4.551741040948163,
    "receivedKBytesPerSec" : 28.920850311181525,
    "sentKBytesPerSec" : 2.360326653069799
  },
  "02_SignIn-89" : {
    "transaction" : "02_SignIn-89",
    "sampleCount" : 1300,
    "errorCount" : 27,
    "errorPct" : 2.0769231,
    "meanResTime" : 1675.3161538461543,
    "medianResTime" : 236.0,
    "minResTime" : 157.0,
    "maxResTime" : 61098.0,
    "pct1ResTime" : 1258.0000000000018,
    "pct2ResTime" : 3220.4500000000007,
    "pct3ResTime" : 60227.0,
    "throughput" : 4.553127998935269,
    "receivedKBytesPerSec" : 3.687031525814485,
    "sentKBytesPerSec" : 3.041347218038793
  },
  "06_AddtoCart-109" : {
    "transaction" : "06_AddtoCart-109",
    "sampleCount" : 1300,
    "errorCount" : 26,
    "errorPct" : 2.0,
    "meanResTime" : 2041.7230769230753,
    "medianResTime" : 219.5,
    "minResTime" : 155.0,
    "maxResTime" : 63110.0,
    "pct1ResTime" : 1491.8000000000002,
    "pct2ResTime" : 7368.850000000002,
    "pct3ResTime" : 60657.97,
    "throughput" : 4.568552893299691,
    "receivedKBytesPerSec" : 3.6881661191724597,
    "sentKBytesPerSec" : 2.4850429312186795
  },
  "05_AdultMalePersian-105" : {
    "transaction" : "05_AdultMalePersian-105",
    "sampleCount" : 1300,
    "errorCount" : 39,
    "errorPct" : 3.0,
    "meanResTime" : 2657.626153846153,
    "medianResTime" : 587.5,
    "minResTime" : 160.0,
    "maxResTime" : 61350.0,
    "pct1ResTime" : 2567.700000000004,
    "pct2ResTime" : 9261.600000000008,
    "pct3ResTime" : 60702.63,
    "throughput" : 4.564895253211228,
    "receivedKBytesPerSec" : 29.20054309085546,
    "sentKBytesPerSec" : 2.4563059419134636
  },
  "08_Buy-122" : {
    "transaction" : "08_Buy-122",
    "sampleCount" : 1300,
    "errorCount" : 6,
    "errorPct" : 0.46153846,
    "meanResTime" : 822.2492307692312,
    "medianResTime" : 197.0,