{
  "03_CatsPage-98" : {
    "transaction" : "03_CatsPage-98",
    "sampleCount" : 1100,
    "errorCount" : 12,
    "errorPct" : 1.0909091,
    "meanResTime" : 1688.514545454548,
    "medianResTime" : 349.0,
    "minResTime" : 154.0,
    "maxResTime" : 76270.0,
    "pct1ResTime" : 1436.6999999999998,
    "pct2ResTime" : 2526.050000000001,
    "pct3ResTime" : 59902.59000000024,
    "throughput" : 4.096895298253978,
    "receivedKBytesPerSec" : 25.74202906537714,
    "sentKBytesPerSec" : 2.144468632679817
  },
  "04_Persian-101" : {
    "transaction" : "04_Persian-101",
    "sampleCount" : 1100,
    "errorCount" : 26,
    "errorPct" : 2.3636363,
    "meanResTime" : 2426.155454545452,
    "medianResTime" : 365.0,
    "minResTime" : 154.0,
    "maxResTime" : 76671.0,
    "pct1ResTime" : 1520.6,
    "pct2ResTime" : 7064.850000000104,
    "pct3ResTime" : 60179.94,
    "throughput" : 4.099506195844592,
    "receivedKBytesPerSec" : 26.105669285148608,
    "sentKBytesPerSec" : 2.217896906736234
  },
  "08_ConfirmCheckout-117" : {
    "transaction" : "08_ConfirmCheckout-117",
    "sampleCount" : 1100,
    "errorCount" : 8,
    "errorPct" : 0.72727275,
    "meanResTime" : 1209.5999999999992,
    "medianResTime" : 179.5,
    "minResTime" : 151.0,
    "maxResTime" : 60279.0,
    "pct1ResTime" : 456.79999999999995,
    "pct2ResTime" : 1018.7500000000011,
    "pct3ResTime" : 32125.4,
    "throughput" : 4.0972157556569515,
    "receivedKBytesPerSec" : 3.107620297513735,
    "sentKBytesPerSec" : 3.6810922804730417
  },
  "09_SignOut-126" : {
    "transaction" : "09_SignOut-126",
    "sampleCount" : 1100,
    "errorCount" : 2,
    "errorPct" : 0.18181819,
    "meanResTime" : 867.7063636363627,
    "medianResTime" : 350.5,
    "minResTime" : 155.0,
    "maxResTime" : 60166.0,
    "pct1ResTime" : 1302.6999999999998,
    "pct2ResTime" : 2445.9500000000007,
    "pct3ResTime" : 9423.820000000002,
    "throughput" : 4.097322585932029,
    "receivedKBytesPerSec" : 26.479907521566815,
    "sentKBytesPerSec" : 2.2287194144181055
  },
  "06_AddtoCart-110" : {
    "transaction" : "06_AddtoCart-110",
    "sampleCount" : 1100,
    "errorCount" : 6,
    "errorPct" : 0.54545456,
    "meanResTime" : 1390.0990909090892,
    "medianResTime" : 340.0,
    "minResTime" : 153.0,
    "maxResTime" : 70400.0,
    "pct1ResTime" : 1312.5,
    "pct2ResTime" : 2380.6500000000015,
    "pct3ResTime" : 34135.98,
    "throughput" : 4.097063150641564,
    "receivedKBytesPerSec" : 26.119032196863884,
    "sentKBytesPerSec" : 2.1525585693800395
  },
  "09_SignOut-125" : {
    "transaction" : "09_SignOut-125",
    "sampleCount" : 1100,
    "errorCount" : 3,
    "errorPct" : 0.27272728,
    "meanResTime" : 450.4427272727273,
    "medianResTime" : 173.0,
    "minResTime" : 151.0,
    "maxResTime" : 60236.0,
    "pct1ResTime" : 442.0,
    "pct2ResTime" : 603.8000000000002,
    "pct3ResTime" : 1263.89,
    "throughput" : 4.098727158911378,
    "receivedKBytesPerSec" : 2.5744474985654455,
    "sentKBytesPerSec" : 2.2575020679941575
  },
  "02_SignIn-90" : {
    "transaction" : "02_SignIn-90",
    "sampleCount" : 1100,
    "errorCount" : 13,
    "errorPct" : 1.1818181,
    "meanResTime" : 1653.7563636363627,
    "medianResTime" : 357.0,
    "minResTime" : 154.0,
    "maxResTime" : 60192.0,
    "pct1ResTime" : 1303.0,
    "pct2ResTime" : 2610.800000000001,
    "pct3ResTime" : 60159.97,
    "throughput" : 4.097994218102703,
    "receivedKBytesPerSec" : 26.591693115416284,
    "sentKBytesPerSec" : 2.1250341111450544
  },
  "01_HomePage-63" : {
    "transaction" : "01_HomePage-63",
    "sampleCount" : 1100,
    "errorCount" : 13,
    "errorPct" : 1.1818181,
    "meanResTime" : 1437.072727272728,
    "medianResTime" : 384.0,
    "minResTime" : 153.0,
    "maxResTime" : 60259.0,
    "pct1ResTime" : 1292.0,
    "pct2ResTime" : 2457.5000000000005,
    "pct3ResTime" : 60165.99,
    "throughput" : 4.085179710769276,
    "receivedKBytesPerSec" : 26.462339111232016,
    "sentKBytesPerSec" : 1.8471076231310302
  },
  "03_CatsPage-100" : {
    "transaction" : "03_CatsPage-100",
    "sampleCount" : 1100,
    "errorCount" : 0,
    "errorPct" : 0.0,
    "meanResTime" : 177.56181818181827,
    "medianResTime" : 86.0,
    "minResTime" : 72.0,
    "maxResTime" : 8333.0,
    "pct1ResTime" : 344.0,
    "pct2ResTime" : 448.8000000000002,
    "pct3ResTime" : 1231.0,
    "throughput" : 4.099185380069016,
    "receivedKBytesPerSec" : 2.217723340388901,
    "sentKBytesPerSec" : 3.1664605816744054
  },
  "07_Checkout-113" : {
    "transaction" : "07_Checkout-113",
    "sampleCount" : 1100,
    "errorCount" : 23,
    "errorPct" : 2.090909,
    "meanResTime" : 1658.0190909090886,
    "medianResTime" : 180.0,
    "minResTime" : 150.0,
    "maxResTime" : 60619.0,
    "pct1ResTime" : 510.0,
    "pct2ResTime" : 1116.6000000000022,
    "pct3ResTime" : 60173.98,
    "throughput" : 4.097078410631545,
    "receivedKBytesPerSec" : 3.4640281462303157,
    "sentKBytesPerSec" : 2.14456448056495
  },
  "Total" : {
    "transaction" : "Total",
    "sampleCount" : 17600,
    "errorCount" : 181,
    "errorPct" : 1.0284091,
    "meanResTime" : 1329.8283522727302,
    "medianResTime" : 246.0,
    "minResTime" : 72.0,
    "maxResTime" : 76671.0,
    "pct1ResTime" : 866.8999999999996,
    "pct2ResTime" : 1599.9500000000007,
    "pct3ResTime" : 49843.610000014305,
    "throughput" : 64.66332817741267,
    "receivedKBytesPerSec" : 230.34836377783557,
    "sentKBytesPerSec" : 37.64002446459867
  },
  "02_SignIn-86" : {
    "transaction" : "02_SignIn-86",
    "sampleCount" : 1100,
    "errorCount" : 10,
    "errorPct" : 0.90909094,
    "meanResTime" : 1663.944545454546,
    "medianResTime" : 330.0,
    "minResTime" : 153.0,
    "maxResTime" : 74136.0,
    "pct1ResTime" : 1366.6,
    "pct2ResTime" : 2667.75,
    "pct3ResTime" : 60166.91,
    "throughput" : 4.098895161440575,
    "receivedKBytesPerSec" : 26.007045849402864,
    "sentKBytesPerSec" : 2.1255012995360794
  },
  "02_SignIn-89" : {
    "transaction" : "02_SignIn-89",
    "sampleCount" : 1100,
    "errorCount" : 19,
    "errorPct" : 1.7272727,
    "meanResTime" : 1574.1872727272714,
    "medianResTime" : 181.5,
    "minResTime" : 150.0,
    "maxResTime" : 75834.0,
    "pct1ResTime" : 508.0,
    "pct2ResTime" : 1061.1000000000008,
    "pct3ResTime" : 60169.0,
    "throughput" : 4.099338143223421,
    "receivedKBytesPerSec" : 3.209238778527667,
    "sentKBytesPerSec" : 2.7382297753562694
  },
  "06_AddtoCart-109" : {
    "transaction" : "06_AddtoCart-109",
    "sampleCount" : 1100,
    "errorCount" : 18,
    "errorPct" : 1.6363636,
    "meanResTime" : 1684.31,
    "medianResTime" : 179.0,
    "minResTime" : 150.0,
    "maxResTime" : 76078.0,
    "pct1ResTime" : 513.8,
    "pct2ResTime" : 1177.950000000001,
    "pct3ResTime" : 60165.0,
    "throughput" : 4.0983606557377055,
    "receivedKBytesPerSec" : 3.205224391067437,
    "sentKBytesPerSec" : 2.229284067622951
  },
  "05_AdultMalePersian-105" : {
    "transaction" : "05_AdultMalePersian-105",
    "sampleCount" : 1100,
    "errorCount" : 22,
    "errorPct" : 2.0,
    "meanResTime" : 2311.20909090909,
    "medianResTime" : 384.0,
    "minResTime" : 153.0,
    "maxResTime" : 75925.0,
    "pct1ResTime" : 1430.1999999999998,
    "pct2ResTime" : 4636.400000000007,
    "pct3ResTime" : 60171.99,
    "throughput" : 4.098192697020614,
    "receivedKBytesPerSec" : 26.200720251545206,
    "sentKBytesPerSec" : 2.2051798594319907
  },
  "08_Buy-122" : {
    "transaction" : "08_Buy-122",
    "sampleCount" : 1100,
    "errorCount" : 1,
    "errorPct" : 0.09090909,
    "meanResTime" : 415.30000000000024,
    "medianResTime" : 175.0,
    "minResTime" : 151.0,
    "maxResTime" : 60208.0,
    "pct1ResTime" : 442.0,