{
  "03_CatsPage-98" : {
    "transaction" : "03_CatsPage-98",
    "sampleCount" : 100,
    "errorCount" : 0,
    "errorPct" : 0.0,
    "meanResTime" : 231.49,
    "medianResTime" : 189.0,
    "minResTime" : 162.0,
    "maxResTime" : 1229.0,
    "pct1ResTime" : 285.1,
    "pct2ResTime" : 327.89999999999975,
    "pct3ResTime" : 1228.97,
    "throughput" : 10.588733587462938,
    "receivedKBytesPerSec" : 65.64125536054637,
    "sentKBytesPerSec" : 5.542540237187632
  },
  "04_Persian-101" : {
    "transaction" : "04_Persian-101",
    "sampleCount" : 100,
    "errorCount" : 0,
    "errorPct" : 0.0,
    "meanResTime" : 241.96,
    "medianResTime" : 215.0,
    "minResTime" : 164.0,
    "maxResTime" : 610.0,
    "pct1ResTime" : 321.8000000000001,
    "pct2ResTime" : 444.79999999999995,
    "pct3ResTime" : 608.8199999999994,
    "throughput" : 10.679196924391286,
    "receivedKBytesPerSec" : 67.18445476025202,
    "sentKBytesPerSec" : 5.777612398547629
  },
  "08_ConfirmCheckout-117" : {
    "transaction" : "08_ConfirmCheckout-117",
    "sampleCount" : 100,
    "errorCount" : 0,
    "errorPct" : 0.0,
    "meanResTime" : 181.07999999999996,
    "medianResTime" : 174.0,
    "minResTime" : 160.0,
    "maxResTime" : 453.0,
    "pct1ResTime" : 205.0,
    "pct2ResTime" : 216.84999999999997,
    "pct3ResTime" : 450.80999999999887,
    "throughput" : 10.530749789385004,
    "receivedKBytesPerSec" : 7.514677232518955,
    "sentKBytesPerSec" : 9.461220513900589
  },
  "09_SignOut-126" : {
    "transaction" : "09_SignOut-126",
    "sampleCount" : 100,
    "errorCount" : 0,
    "errorPct" : 0.0,
    "meanResTime" : 245.29000000000002,
    "medianResTime" : 257.5,
    "minResTime" : 163.0,
    "maxResTime" : 581.0,
    "pct1ResTime" : 301.9,
    "pct2ResTime" : 342.9,
    "pct3ResTime" : 580.2999999999996,
    "throughput" : 10.413412475268144,
    "receivedKBytesPerSec" : 66.70278819119025,
    "sentKBytesPerSec" : 5.66432690305113
  },
  "06_AddtoCart-110" : {
    "transaction" : "06_AddtoCart-110",
    "sampleCount" : 100,
    "errorCount" : 0,
    "errorPct" : 0.0,
    "meanResTime" : 223.02999999999997,
    "medianResTime" : 195.0,
    "minResTime" : 163.0,
    "maxResTime" : 651.0,
    "pct1ResTime" : 281.70000000000005,
    "pct2ResTime" : 297.95,
    "pct3ResTime" : 649.6299999999993,
    "throughput" : 10.529640939243972,
    "receivedKBytesPerSec" : 66.40851222754554,
    "sentKBytesPerSec" : 5.532174634094978
  },
  "09_SignOut-125" : {
    "transaction" : "09_SignOut-125",
    "sampleCount" : 100,
    "errorCount" : 0,
    "errorPct" : 0.0,
    "meanResTime" : 179.59,
    "medianResTime" : 173.0,
    "minResTime" : 158.0,
    "maxResTime" : 445.0,
    "pct1ResTime" : 200.0,
    "pct2ResTime" : 205.0,
    "pct3ResTime" : 442.80999999999887,
    "throughput" : 10.52742393936204,
    "receivedKBytesPerSec" : 6.433859814190967,
    "sentKBytesPerSec" : 5.798307716601747
  },
  "02_SignIn-90" : {
    "transaction" : "02_SignIn-90",
    "sampleCount" : 100,
    "errorCount" : 0,
    "errorPct" : 0.0,
    "meanResTime" : 232.03000000000003,
    "medianResTime" : 190.0,
    "minResTime" : 162.0,
    "maxResTime" : 711.0,
    "pct1ResTime" : 316.80000000000007,
    "pct2ResTime" : 491.89999999999975,
    "pct3ResTime" : 710.2799999999996,
    "throughput" : 10.59322033898305,
    "receivedKBytesPerSec" : 67.89881819385593,
    "sentKBytesPerSec" : 5.4931640625
  },
  "01_HomePage-63" : {
    "transaction" : "01_HomePage-63",
    "sampleCount" : 100,
    "errorCount" : 0,
    "errorPct" : 0.0,
    "meanResTime" : 533.1499999999997,
    "medianResTime" : 568.0,
    "minResTime" : 291.0,
    "maxResTime" : 1589.0,
    "pct1ResTime" : 776.2000000000003,
    "pct2ResTime" : 920.1499999999999,
    "pct3ResTime" : 1583.5199999999973,
    "throughput" : 9.704968944099377,
    "receivedKBytesPerSec" : 61.736586671438275,
    "sentKBytesPerSec" : 4.388086544060559
  },
  "03_CatsPage-100" : {
    "transaction" : "03_CatsPage-100",
    "sampleCount" : 100,
    "errorCount" : 0,
    "errorPct" : 0.0,
    "meanResTime" : 217.55000000000007,
    "medianResTime" : 209.0,
    "minResTime" : 201.0,
    "maxResTime" : 486.0,
    "pct1ResTime" : 224.70000000000002,
    "pct2ResTime" : 289.8499999999995,
    "pct3ResTime" : 485.12999999999954,
    "throughput" : 10.54629824931449,
    "receivedKBytesPerSec" : 5.705712138789285,
    "sentKBytesPerSec" : 8.146603432820081
  },
  "07_Checkout-113" : {
    "transaction" : "07_Checkout-113",
    "sampleCount" : 100,
    "errorCount" : 0,
    "errorPct" : 0.0,
    "meanResTime" : 176.57000000000008,
    "medianResTime" : 171.0,
    "minResTime" : 159.0,
    "maxResTime" : 375.0,
    "pct1ResTime" : 191.0,
    "pct2ResTime" : 202.79999999999995,
    "pct3ResTime" : 373.46999999999923,
    "throughput" : 10.519671786240268,
    "receivedKBytesPerSec" : 7.545296227382705,
    "sentKBytesPerSec" : 5.506390700610141
  },
  "Total" : {
    "transaction" : "Total",
    "sampleCount" : 1600,
    "errorCount" : 0,
    "errorPct" : 0.0,
    "meanResTime" : 232.20000000000036,
    "medianResTime" : 187.0,
    "minResTime" : 158.0,
    "maxResTime" : 1589.0,
    "pct1ResTime" : 318.9000000000001,
    "pct2ResTime" : 470.7999999999993,
    "pct3ResTime" : 783.97,
    "throughput" : 121.01959004613872,
    "receivedKBytesPerSec" : 423.3720117379548,
    "sentKBytesPerSec" : 70.44456971862945
  },
  "02_SignIn-86" : {
    "transaction" : "02_SignIn-86",
    "sampleCount" : 100,
    "errorCount" : 0,
    "errorPct" : 0.0,
    "meanResTime" : 272.40000000000015,
    "medianResTime" : 256.0,
    "minResTime" : 161.0,
    "maxResTime" : 1221.0,
    "pct1ResTime" : 437.6000000000003,
    "pct2ResTime" : 550.3499999999997,
    "pct3ResTime" : 1220.62,
    "throughput" : 10.501995379122032,
    "receivedKBytesPerSec" : 66.09457457073094,
    "sentKBytesPerSec" : 5.44585893194707
  },
  "02_SignIn-89" : {
    "transaction" : "02_SignIn-89",
    "sampleCount" : 100,
    "errorCount" : 0,
    "errorPct" : 0.0,
    "meanResTime" : 187.23999999999995,
    "medianResTime" : 175.5,
    "minResTime" : 159.0,
    "maxResTime" : 461.0,
    "pct1ResTime" : 200.9,
    "pct2ResTime" : 219.89999999999998,
    "pct3ResTime" : 460.4399999999997,
    "throughput" : 10.584250635055039,
    "receivedKBytesPerSec" : 7.162664221263759,
    "sentKBytesPerSec" : 7.06994866638442
  },
  "06_AddtoCart-109" : {
    "transaction" : "06_AddtoCart-109",
    "sampleCount" : 100,
    "errorCount" : 0,
    "errorPct" : 0.0,
    "meanResTime" : 187.02000000000007,
    "medianResTime" : 177.0,
    "minResTime" : 160.0,
    "maxResTime" : 371.0,
    "pct1ResTime" : 204.0,
    "pct2ResTime" : 218.84999999999997,
    "pct3ResTime" : 370.86999999999995,
    "throughput" : 10.659844366272251,
    "receivedKBytesPerSec" : 7.2610820741392175,
    "sentKBytesPerSec" : 5.798372375013325
  },
  "05_AdultMalePersian-105" : {
    "transaction" : "05_AdultMalePersian-105",
    "sampleCount" : 100,
    "errorCount" : 0,
    "errorPct" : 0.0,
    "meanResTime" : 240.86000000000004,
    "medianResTime" : 197.5,
    "minResTime" : 163.0,
    "maxResTime" : 1220.0,
    "pct1ResTime" : 300.70000000000005,
    "pct2ResTime" : 413.1499999999998,
    "pct3ResTime" : 1215.6399999999978,
    "throughput" : 10.647359454855195,
    "receivedKBytesPerSec" : 67.44228798445486,
    "sentKBytesPerSec" : 5.729194394165248
  },
  "08_Buy-122" : {
    "transaction" : "08_Buy-122",
    "sampleCount" : 100,
    "errorCount" : 0,
    "errorPct" : 0.0,
    "meanResTime" : 182.73000000000002,
    "medianResTime" : 173.0,
    "minResTime" : 159.0,
    "maxResTime" : 437.0,
    "pct1ResTime" : 203.9,
    "pct2ResTime" : 213.84999999999997,
    "pct3ResTime" : 436.3899999999997,