{
  "03_CatsPage-98" : {
    "transaction" : "03_CatsPage-98",
    "sampleCount" : 800,
    "errorCount" : 7,
    "errorPct" : 0.875,
    "meanResTime" : 1055.7125000000017,
    "medianResTime" : 315.5,
    "minResTime" : 156.0,
    "maxResTime" : 60364.0,
    "pct1ResTime" : 1233.5,
    "pct2ResTime" : 1516.999999999996,
    "pct3ResTime" : 15788.270000000062,
    "throughput" : 5.169160786746271,
    "receivedKBytesPerSec" : 32.45851849428808,
    "sentKBytesPerSec" : 2.7057325993125017
  },
  "04_Persian-101" : {
    "transaction" : "04_Persian-101",
    "sampleCount" : 800,
    "errorCount" : 13,
    "errorPct" : 1.625,
    "meanResTime" : 1609.7937500000007,
    "medianResTime" : 336.0,
    "minResTime" : 156.0,
    "maxResTime" : 60193.0,
    "pct1ResTime" : 1261.6,
    "pct2ResTime" : 1551.599999999998,
    "pct3ResTime" : 60165.99,
    "throughput" : 5.175882973285974,
    "receivedKBytesPerSec" : 32.89199706389951,
    "sentKBytesPerSec" : 2.80023356171917
  },
  "08_ConfirmCheckout-117" : {
    "transaction" : "08_ConfirmCheckout-117",
    "sampleCount" : 800,
    "errorCount" : 2,
    "errorPct" : 0.25,
    "meanResTime" : 550.4487500000001,
    "medianResTime" : 179.0,
    "minResTime" : 152.0,
    "maxResTime" : 60181.0,
    "pct1ResTime" : 461.0,
    "pct2ResTime" : 1187.85,
    "pct3ResTime" : 7592.830000000002,
    "throughput" : 5.170731076740113,
    "receivedKBytesPerSec" : 3.7701774651460407,
    "sentKBytesPerSec" : 4.645578701758694
  },
  "09_SignOut-126" : {
    "transaction" : "09_SignOut-126",
    "sampleCount" : 800,
    "errorCount" : 3,
    "errorPct" : 0.375,
    "meanResTime" : 808.6512500000002,
    "medianResTime" : 333.0,
    "minResTime" : 156.0,
    "maxResTime" : 60184.0,
    "pct1ResTime" : 1060.8999999999983,
    "pct2ResTime" : 1363.7499999999995,
    "pct3ResTime" : 8985.570000000036,
    "throughput" : 5.166890565257828,
    "receivedKBytesPerSec" : 33.41999312157694,
    "sentKBytesPerSec" : 2.810505903172471
  },
  "06_AddtoCart-110" : {
    "transaction" : "06_AddtoCart-110",
    "sampleCount" : 800,
    "errorCount" : 6,
    "errorPct" : 0.75,
    "meanResTime" : 1131.43375,
    "medianResTime" : 342.5,
    "minResTime" : 156.0,
    "maxResTime" : 60201.0,
    "pct1ResTime" : 1292.8,
    "pct2ResTime" : 1534.9999999999986,
    "pct3ResTime" : 17542.240000000013,
    "throughput" : 5.168760014472528,
    "receivedKBytesPerSec" : 32.96421496832519,
    "sentKBytesPerSec" : 2.7156180544787305
  },
  "09_SignOut-125" : {
    "transaction" : "09_SignOut-125",
    "sampleCount" : 800,
    "errorCount" : 2,
    "errorPct" : 0.25,
    "meanResTime" : 480.8662499999997,
    "medianResTime" : 177.0,
    "minResTime" : 150.0,
    "maxResTime" : 60286.0,
    "pct1ResTime" : 449.0,
    "pct2ResTime" : 1186.0,
    "pct3ResTime" : 2341.2800000000025,
    "throughput" : 5.16976206170111,
    "receivedKBytesPerSec" : 3.2396965228503483,
    "sentKBytesPerSec" : 2.8474080105463146
  },
  "02_SignIn-90" : {
    "transaction" : "02_SignIn-90",
    "sampleCount" : 800,
    "errorCount" : 1,
    "errorPct" : 0.125,
    "meanResTime" : 783.1875000000003,
    "medianResTime" : 333.0,
    "minResTime" : 155.0,
    "maxResTime" : 60172.0,
    "pct1ResTime" : 1274.6999999999998,
    "pct2ResTime" : 1543.199999999999,
    "pct3ResTime" : 15483.020000000059,
    "throughput" : 5.172737089171522,
    "receivedKBytesPerSec" : 33.5347497304519,
    "sentKBytesPerSec" : 2.682347064794998
  },
  "01_HomePage-63" : {
    "transaction" : "01_HomePage-63",
    "sampleCount" : 800,
    "errorCount" : 8,
    "errorPct" : 1.0,
    "meanResTime" : 1247.8462500000016,
    "medianResTime" : 368.0,
    "minResTime" : 155.0,
    "maxResTime" : 60211.0,
    "pct1ResTime" : 1268.9,
    "pct2ResTime" : 1487.8999999999985,
    "pct3ResTime" : 59737.49000000038,
    "throughput" : 5.149562609025896,
    "receivedKBytesPerSec" : 33.39143731332835,
    "sentKBytesPerSec" : 2.328366687479482
  },
  "03_CatsPage-100" : {
    "transaction" : "03_CatsPage-100",
    "sampleCount" : 800,
    "errorCount" : 0,
    "errorPct" : 0.0,
    "meanResTime" : 157.23124999999987,
    "medianResTime" : 85.0,
    "minResTime" : 72.0,
    "maxResTime" : 6225.0,
    "pct1ResTime" : 344.0,
    "pct2ResTime" : 392.94999999999993,
    "pct3ResTime" : 699.7100000000003,
    "throughput" : 5.1725364178892175,
    "receivedKBytesPerSec" : 2.7984230229595957,
    "sentKBytesPerSec" : 3.9955823306155964
  },
  "07_Checkout-113" : {
    "transaction" : "07_Checkout-113",
    "sampleCount" : 800,
    "errorCount" : 6,
    "errorPct" : 0.75,
    "meanResTime" : 853.7687499999993,
    "medianResTime" : 177.0,
    "minResTime" : 151.0,
    "maxResTime" : 60222.0,
    "pct1ResTime" : 503.9,
    "pct2ResTime" : 1203.0,
    "pct3ResTime" : 15693.96,
    "throughput" : 5.170129576372508,
    "receivedKBytesPerSec" : 3.945625535189194,
    "sentKBytesPerSec" : 2.7062397001324845
  },
  "Total" : {
    "transaction" : "Total",
    "sampleCount" : 12800,
    "errorCount" : 84,
    "errorPct" : 0.65625,
    "meanResTime" : 879.2491406250008,
    "medianResTime" : 257.0,
    "minResTime" : 72.0,
    "maxResTime" : 63425.0,
    "pct1ResTime" : 827.8999999999996,
    "pct2ResTime" : 1318.949999999999,
    "pct3ResTime" : 15833.879999999997,
    "throughput" : 80.78207142902222,
    "receivedKBytesPerSec" : 286.87253620598796,
    "sentKBytesPerSec" : 47.022620557774964
  },
  "02_SignIn-86" : {
    "transaction" : "02_SignIn-86",
    "sampleCount" : 800,
    "errorCount" : 5,
    "errorPct" : 0.625,
    "meanResTime" : 999.7412500000003,
    "medianResTime" : 321.5,
    "minResTime" : 157.0,
    "maxResTime" : 60180.0,
    "pct1ResTime" : 1202.1999999999985,
    "pct2ResTime" : 1499.7499999999995,
    "pct3ResTime" : 15858.78,
    "throughput" : 5.1753472334534445,
    "receivedKBytesPerSec" : 32.90096861879686,
    "sentKBytesPerSec" : 2.68370056734744
  },
  "02_SignIn-89" : {
    "transaction" : "02_SignIn-89",
    "sampleCount" : 800,
    "errorCount" : 7,
    "errorPct" : 0.875,
    "meanResTime" : 861.5300000000001,
    "medianResTime" : 182.5,
    "minResTime" : 151.0,
    "maxResTime" : 60202.0,
    "pct1ResTime" : 510.9,
    "pct2ResTime" : 1218.85,
    "pct3ResTime" : 15778.420000000002,
    "throughput" : 5.175882973285974,
    "receivedKBytesPerSec" : 3.7830131867749723,
    "sentKBytesPerSec" : 3.4573280798121155
  },
  "06_AddtoCart-109" : {
    "transaction" : "06_AddtoCart-109",
    "sampleCount" : 800,
    "errorCount" : 9,
    "errorPct" : 1.125,
    "meanResTime" : 1036.6512500000008,
    "medianResTime" : 177.0,
    "minResTime" : 151.0,
    "maxResTime" : 63425.0,
    "pct1ResTime" : 513.0,
    "pct2ResTime" : 1243.0499999999988,
    "pct3ResTime" : 31770.760000000006,
    "throughput" : 5.172770535899027,
    "receivedKBytesPerSec" : 3.890230323669951,
    "sentKBytesPerSec" : 2.813704285640389
  },
  "05_AdultMalePersian-105" : {
    "transaction" : "05_AdultMalePersian-105",
    "sampleCount" : 800,
    "errorCount" : 9,
    "errorPct" : 1.125,
    "meanResTime" : 1353.763750000002,
    "medianResTime" : 316.0,
    "minResTime" : 159.0,
    "maxResTime" : 60312.0,
    "pct1ResTime" : 1259.5,
    "pct2ResTime" : 2291.4499999999994,
    "pct3ResTime" : 31681.25000000001,
    "throughput" : 5.172670197014076,
    "receivedKBytesPerSec" : 33.078455565954776,
    "sentKBytesPerSec" : 2.783341092338629
  },
  "08_Buy-122" : {
    "transaction" : "08_Buy-122",
    "sampleCount" : 800,
    "errorCount" : 2,
    "errorPct" : 0.25,
    "meanResTime" : 508.8775000000004,
    "medianResTime" : 176.5,
    "minResTime" : 151.0,
    "maxResTime" : 60195.0,
    "pct1ResTime" : 459.9,
    "pct2ResTime" : 1173.85,
    "pct3ResTime" : 3221.78,