{
  "03_CatsPage-98" : {
    "transaction" : "03_CatsPage-98",
    "sampleCount" : 1500,
    "errorCount" : 37,
    "errorPct" : 2.4666667,
    "meanResTime" : 2777.6786666666667,
    "medianResTime" : 831.0,
    "minResTime" : 262.0,
    "maxResTime" : 78879.0,
    "pct1ResTime" : 2835.900000000003,
    "pct2ResTime" : 7432.250000000005,
    "pct3ResTime" : 60285.99,
    "throughput" : 3.8368862900379086,
    "receivedKBytesPerSec" : 24.002231708923574,
    "sentKBytesPerSec" : 2.0083701674417176
  },
  "04_Persian-101" : {
    "transaction" : "04_Persian-101",
    "sampleCount" : 1500,
    "errorCount" : 34,
    "errorPct" : 2.2666667,
    "meanResTime" : 2800.209333333334,
    "medianResTime" : 824.0,
    "minResTime" : 260.0,
    "maxResTime" : 60474.0,
    "pct1ResTime" : 3277.1000000000017,
    "pct2ResTime" : 7935.6500000000015,
    "pct3ResTime" : 60279.99,
    "throughput" : 3.8392825148836187,
    "receivedKBytesPerSec" : 24.309754493080334,
    "sentKBytesPerSec" : 2.077111829341333
  },
  "08_ConfirmCheckout-117" : {
    "transaction" : "08_ConfirmCheckout-117",
    "sampleCount" : 1500,
    "errorCount" : 20,
    "errorPct" : 1.3333334,
    "meanResTime" : 1771.5393333333325,
    "medianResTime" : 486.0,
    "minResTime" : 257.0,
    "maxResTime" : 62230.0,
    "pct1ResTime" : 1862.800000000001,
    "pct2ResTime" : 3180.550000000001,
    "pct3ResTime" : 60275.99,
    "throughput" : 3.8350518626846894,
    "receivedKBytesPerSec" : 3.0502394590403674,
    "sentKBytesPerSec" : 3.445554407880776
  },
  "09_SignOut-126" : {
    "transaction" : "09_SignOut-126",
    "sampleCount" : 1500,
    "errorCount" : 24,
    "errorPct" : 1.6,
    "meanResTime" : 2406.4306666666653,
    "medianResTime" : 865.5,
    "minResTime" : 262.0,
    "maxResTime" : 61402.0,
    "pct1ResTime" : 2840.6000000000004,
    "pct2ResTime" : 5511.900000000003,
    "pct3ResTime" : 60284.93,
    "throughput" : 3.834042205136594,
    "receivedKBytesPerSec" : 24.720463876772605,
    "sentKBytesPerSec" : 2.085509285411214
  },
  "06_AddtoCart-110" : {
    "transaction" : "06_AddtoCart-110",
    "sampleCount" : 1500,
    "errorCount" : 12,
    "errorPct" : 0.8,
    "meanResTime" : 2081.1093333333342,
    "medianResTime" : 853.0,
    "minResTime" : 262.0,
    "maxResTime" : 61565.0,
    "pct1ResTime" : 2789.7000000000003,
    "pct2ResTime" : 5324.150000000001,
    "pct3ResTime" : 36608.86,
    "throughput" : 3.834218611808371,
    "receivedKBytesPerSec" : 24.3459751648075,
    "sentKBytesPerSec" : 2.0144625128446325
  },
  "09_SignOut-125" : {
    "transaction" : "09_SignOut-125",
    "sampleCount" : 1500,
    "errorCount" : 16,
    "errorPct" : 1.0666667,
    "meanResTime" : 1401.1366666666647,
    "medianResTime" : 465.0,
    "minResTime" : 256.0,
    "maxResTime" : 60364.0,
    "pct1ResTime" : 1572.0,
    "pct2ResTime" : 2308.5000000000005,
    "pct3ResTime" : 60272.92,
    "throughput" : 3.8352773928295654,
    "receivedKBytesPerSec" : 2.5972768172183502,
    "sentKBytesPerSec" : 2.1123988765194093
  },
  "02_SignIn-90" : {
    "transaction" : "02_SignIn-90",
    "sampleCount" : 1500,
    "errorCount" : 19,
    "errorPct" : 1.2666667,
    "meanResTime" : 2477.048666666666,
    "medianResTime" : 845.5,
    "minResTime" : 260.0,
    "maxResTime" : 71275.0,
    "pct1ResTime" : 2907.5000000000005,
    "pct2ResTime" : 7641.900000000005,
    "pct3ResTime" : 60262.97,
    "throughput" : 3.8388010656511757,
    "receivedKBytesPerSec" : 24.816404340596343,
    "sentKBytesPerSec" : 1.9906282869734124
  },
  "01_HomePage-63" : {
    "transaction" : "01_HomePage-63",
    "sampleCount" : 1500,
    "errorCount" : 31,
    "errorPct" : 2.0666666,
    "meanResTime" : 2674.8293333333354,
    "medianResTime" : 870.0,
    "minResTime" : 263.0,
    "maxResTime" : 70508.0,
    "pct1ResTime" : 3288.400000000007,
    "pct2ResTime" : 5510.150000000007,
    "pct3ResTime" : 60274.99,
    "throughput" : 3.8272726344903605,
    "receivedKBytesPerSec" : 24.688786422080558,
    "sentKBytesPerSec" : 1.7293416780102775
  },
  "03_CatsPage-100" : {
    "transaction" : "03_CatsPage-100",
    "sampleCount" : 1500,
    "errorCount" : 2,
    "errorPct" : 0.13333334,
    "meanResTime" : 238.8666666666665,
    "medianResTime" : 113.0,
    "minResTime" : 88.0,
    "maxResTime" : 18384.0,
    "pct1ResTime" : 360.0,
    "pct2ResTime" : 439.8000000000002,
    "pct3ResTime" : 1579.5100000000004,
    "throughput" : 3.839046687926454,
    "receivedKBytesPerSec" : 2.0847423167878953,
    "sentKBytesPerSec" : 2.961559585523723
  },
  "07_Checkout-113" : {
    "transaction" : "07_Checkout-113",
    "sampleCount" : 1500,
    "errorCount" : 38,
    "errorPct" : 2.5333333,
    "meanResTime" : 2253.4686666666653,
    "medianResTime" : 483.5,
    "minResTime" : 256.0,
    "maxResTime" : 69223.0,
    "pct1ResTime" : 1756.5000000000005,
    "pct2ResTime" : 3218.9,
    "pct3ResTime" : 60285.97,
    "throughput" : 3.8348361630163286,
    "receivedKBytesPerSec" : 3.346071813538761,
    "sentKBytesPerSec" : 2.0072970540788595
  },
  "Total" : {
    "transaction" : "Total",
    "sampleCount" : 24000,
    "errorCount" : 379,
    "errorPct" : 1.5791667,
    "meanResTime" : 2103.4241249999936,
    "medianResTime" : 672.0,
    "minResTime" : 88.0,
    "maxResTime" : 83820.0,
    "pct1ResTime" : 2557.9000000000015,
    "pct2ResTime" : 5340.850000000002,
    "pct3ResTime" : 60278.0,
    "throughput" : 60.42417772764809,
    "receivedKBytesPerSec" : 215.40789830941333,
    "sentKBytesPerSec" : 35.16741972002835
  },
  "02_SignIn-86" : {
    "transaction" : "02_SignIn-86",
    "sampleCount" : 1500,
    "errorCount" : 29,
    "errorPct" : 1.9333333,
    "meanResTime" : 2754.6466666666674,
    "medianResTime" : 818.0,
    "minResTime" : 262.0,
    "maxResTime" : 60421.0,
    "pct1ResTime" : 3319.800000000001,
    "pct2ResTime" : 7539.6500000000115,
    "pct3ResTime" : 60275.0,
    "throughput" : 3.840206449498725,
    "receivedKBytesPerSec" : 24.278287700746795,
    "sentKBytesPerSec" : 1.991357055355296
  },
  "02_SignIn-89" : {
    "transaction" : "02_SignIn-89",
    "sampleCount" : 1500,
    "errorCount" : 39,
    "errorPct" : 2.6,
    "meanResTime" : 2643.168000000006,
    "medianResTime" : 505.0,
    "minResTime" : 256.0,
    "maxResTime" : 83820.0,
    "pct1ResTime" : 1957.9,
    "pct2ResTime" : 4176.0,
    "pct3ResTime" : 60287.99,
    "throughput" : 3.840501415864855,
    "receivedKBytesPerSec" : 3.214082130562966,
    "sentKBytesPerSec" : 2.5653349301284774
  },
  "06_AddtoCart-109" : {
    "transaction" : "06_AddtoCart-109",
    "sampleCount" : 1500,
    "errorCount" : 25,
    "errorPct" : 1.6666666,
    "meanResTime" : 1970.042,
    "medianResTime" : 484.0,
    "minResTime" : 256.0,
    "maxResTime" : 60433.0,
    "pct1ResTime" : 1923.3000000000006,
    "pct2ResTime" : 3412.3000000000043,
    "pct3ResTime" : 60271.0,
    "throughput" : 3.8358462388249013,
    "receivedKBytesPerSec" : 3.0088268016330475,
    "sentKBytesPerSec" : 2.0864905810795604
  },
  "05_AdultMalePersian-105" : {
    "transaction" : "05_AdultMalePersian-105",
    "sampleCount" : 1500,
    "errorCount" : 26,
    "errorPct" : 1.7333333,
    "meanResTime" : 2638.70066666667,
    "medianResTime" : 852.0,
    "minResTime" : 263.0,
    "maxResTime" : 73383.0,
    "pct1ResTime" : 3072.4000000000015,
    "pct2ResTime" : 8136.650000000001,
    "pct3ResTime" : 60280.94,
    "throughput" : 3.8367194514002745,
    "receivedKBytesPerSec" : 24.421358761404647,
    "sentKBytesPerSec" : 2.0644847829312023
  },
  "08_Buy-122" : {
    "transaction" : "08_Buy-122",
    "sampleCount" : 1500,
    "errorCount" : 6,
    "errorPct" : 0.4,
    "meanResTime" : 1080.5986666666672,
    "medianResTime" : 491.5,
    "minResTime" : 258.0,