{
  "03_CatsPage-98" : {
    "transaction" : "03_CatsPage-98",
    "sampleCount" : 1200,
    "errorCount" : 15,
    "errorPct" : 1.25,
    "meanResTime" : 1784.6666666666642,
    "medianResTime" : 423.5,
    "minResTime" : 160.0,
    "maxResTime" : 123971.0,
    "pct1ResTime" : 1425.8000000000002,
    "pct2ResTime" : 2716.800000000001,
    "pct3ResTime" : 60166.97,
    "throughput" : 4.249713144362755,
    "receivedKBytesPerSec" : 26.752331587409515,
    "sentKBytesPerSec" : 2.2244592240023797
  },
  "04_Persian-101" : {
    "transaction" : "04_Persian-101",
    "sampleCount" : 1200,
    "errorCount" : 26,
    "errorPct" : 2.1666667,
    "meanResTime" : 2421.8991666666657,
    "medianResTime" : 434.5,
    "minResTime" : 160.0,
    "maxResTime" : 60467.0,
    "pct1ResTime" : 1702.6000000000058,
    "pct2ResTime" : 4787.1500000000015,
    "pct3ResTime" : 60182.0,
    "throughput" : 4.2510680808553145,
    "receivedKBytesPerSec" : 27.161993314752625,
    "sentKBytesPerSec" : 2.299894254681489
  },
  "08_ConfirmCheckout-117" : {
    "transaction" : "08_ConfirmCheckout-117",
    "sampleCount" : 1200,
    "errorCount" : 10,
    "errorPct" : 0.8333333,
    "meanResTime" : 1182.9724999999987,
    "medianResTime" : 185.0,
    "minResTime" : 157.0,
    "maxResTime" : 60234.0,
    "pct1ResTime" : 611.4000000000005,
    "pct2ResTime" : 1262.8500000000001,
    "pct3ResTime" : 32221.89,
    "throughput" : 4.246359631274439,
    "receivedKBytesPerSec" : 3.2453584469381975,
    "sentKBytesPerSec" : 3.815088731223128
  },
  "09_SignOut-126" : {
    "transaction" : "09_SignOut-126",
    "sampleCount" : 1200,
    "errorCount" : 5,
    "errorPct" : 0.41666666,
    "meanResTime" : 1404.529999999999,
    "medianResTime" : 445.5,
    "minResTime" : 159.0,
    "maxResTime" : 80592.0,
    "pct1ResTime" : 1585.4000000000015,
    "pct2ResTime" : 2777.0,
    "pct3ResTime" : 18801.24,
    "throughput" : 4.240657301881791,
    "receivedKBytesPerSec" : 27.534023958609417,
    "sentKBytesPerSec" : 2.306685661277498
  },
  "06_AddtoCart-110" : {
    "transaction" : "06_AddtoCart-110",
    "sampleCount" : 1200,
    "errorCount" : 5,
    "errorPct" : 0.41666666,
    "meanResTime" : 1459.250833333333,
    "medianResTime" : 435.0,
    "minResTime" : 161.0,
    "maxResTime" : 61171.0,
    "pct1ResTime" : 1532.6000000000004,
    "pct2ResTime" : 2667.4500000000007,
    "pct3ResTime" : 32247.7,
    "throughput" : 4.246209373507192,
    "receivedKBytesPerSec" : 27.159039201137627,
    "sentKBytesPerSec" : 2.230918596627802
  },
  "09_SignOut-125" : {
    "transaction" : "09_SignOut-125",
    "sampleCount" : 1200,
    "errorCount" : 8,
    "errorPct" : 0.6666667,
    "meanResTime" : 730.3275000000012,
    "medianResTime" : 180.0,
    "minResTime" : 156.0,
    "maxResTime" : 60250.0,
    "pct1ResTime" : 461.0,
    "pct2ResTime" : 711.95,
    "pct3ResTime" : 16612.73000000008,
    "throughput" : 4.242546376335077,
    "receivedKBytesPerSec" : 2.7675778971288567,
    "sentKBytesPerSec" : 2.336714996340804
  },
  "02_SignIn-90" : {
    "transaction" : "02_SignIn-90",
    "sampleCount" : 1200,
    "errorCount" : 4,
    "errorPct" : 0.33333334,
    "meanResTime" : 1355.2608333333346,
    "medianResTime" : 429.0,
    "minResTime" : 160.0,
    "maxResTime" : 60211.0,
    "pct1ResTime" : 1506.1000000000008,
    "pct2ResTime" : 2754.3000000000006,
    "pct3ResTime" : 31626.710000000003,
    "throughput" : 4.251128320308348,
    "receivedKBytesPerSec" : 27.670223370223678,
    "sentKBytesPerSec" : 2.2044425176598956
  },
  "01_HomePage-63" : {
    "transaction" : "01_HomePage-63",
    "sampleCount" : 1200,
    "errorCount" : 20,
    "errorPct" : 1.6666666,
    "meanResTime" : 1924.3991666666661,
    "medianResTime" : 494.0,
    "minResTime" : 162.0,
    "maxResTime" : 63534.0,
    "pct1ResTime" : 1490.0,
    "pct2ResTime" : 4636.400000000001,
    "pct3ResTime" : 60170.97,
    "throughput" : 4.238710019250808,
    "receivedKBytesPerSec" : 27.593246791164052,
    "sentKBytesPerSec" : 1.9165261122198476
  },
  "03_CatsPage-100" : {
    "transaction" : "03_CatsPage-100",
    "sampleCount" : 1200,
    "errorCount" : 0,
    "errorPct" : 0.0,
    "meanResTime" : 261.2724999999999,
    "medianResTime" : 102.0,
    "minResTime" : 88.0,
    "maxResTime" : 13822.0,
    "pct1ResTime" : 522.6000000000004,
    "pct2ResTime" : 783.7500000000002,
    "pct3ResTime" : 2297.92,
    "throughput" : 4.250827140114348,
    "receivedKBytesPerSec" : 2.299763901975926,
    "sentKBytesPerSec" : 3.2835979178031725
  },
  "07_Checkout-113" : {
    "transaction" : "07_Checkout-113",
    "sampleCount" : 1200,
    "errorCount" : 18,
    "errorPct" : 1.5,
    "meanResTime" : 1295.214166666666,
    "medianResTime" : 183.0,
    "minResTime" : 156.0,
    "maxResTime" : 60270.0,
    "pct1ResTime" : 523.9000000000001,
    "pct2ResTime" : 766.6500000000003,
    "pct3ResTime" : 60169.99,
    "throughput" : 4.246089174949489,
    "receivedKBytesPerSec" : 3.4344047226242247,
    "sentKBytesPerSec" : 2.2225623025126233
  },
  "Total" : {
    "transaction" : "Total",
    "sampleCount" : 19200,
    "errorCount" : 216,
    "errorPct" : 1.125,
    "meanResTime" : 1483.0961979166561,
    "medianResTime" : 299.0,
    "minResTime" : 88.0,
    "maxResTime" : 123971.0,
    "pct1ResTime" : 1241.9000000000015,
    "pct2ResTime" : 2463.0,
    "pct3ResTime" : 60160.0,
    "throughput" : 66.9337042576111,
    "receivedKBytesPerSec" : 239.3264899503575,
    "sentKBytesPerSec" : 38.96159286528546
  },
  "02_SignIn-86" : {
    "transaction" : "02_SignIn-86",
    "sampleCount" : 1200,
    "errorCount" : 23,
    "errorPct" : 1.9166666,
    "meanResTime" : 2218.607500000004,
    "medianResTime" : 418.0,
    "minResTime" : 160.0,
    "maxResTime" : 60309.0,
    "pct1ResTime" : 1653.2000000000016,
    "pct2ResTime" : 4988.350000000006,
    "pct3ResTime" : 60179.99,
    "throughput" : 4.2512488043362735,
    "receivedKBytesPerSec" : 27.122327331765685,
    "sentKBytesPerSec" : 2.2045049952173454
  },
  "02_SignIn-89" : {
    "transaction" : "02_SignIn-89",
    "sampleCount" : 1200,
    "errorCount" : 27,
    "errorPct" : 2.25,
    "meanResTime" : 1976.9399999999953,
    "medianResTime" : 189.5,
    "minResTime" : 157.0,
    "maxResTime" : 75645.0,
    "pct1ResTime" : 615.900000000001,
    "pct2ResTime" : 1602.8000000000002,
    "pct3ResTime" : 60241.55,
    "throughput" : 4.252680074421901,
    "receivedKBytesPerSec" : 3.468689089217684,
    "sentKBytesPerSec" : 2.8406573934615045
  },
  "06_AddtoCart-109" : {
    "transaction" : "06_AddtoCart-109",
    "sampleCount" : 1200,
    "errorCount" : 20,
    "errorPct" : 1.6666666,
    "meanResTime" : 1851.2200000000003,
    "medianResTime" : 186.5,
    "minResTime" : 156.0,
    "maxResTime" : 60295.0,
    "pct1ResTime" : 711.9000000000001,
    "pct2ResTime" : 2365.700000000002,
    "pct3ResTime" : 60165.99,
    "throughput" : 4.247757537999731,
    "receivedKBytesPerSec" : 3.3286579884832674,
    "sentKBytesPerSec" : 2.310547801431494
  },
  "05_AdultMalePersian-105" : {
    "transaction" : "05_AdultMalePersian-105",
    "sampleCount" : 1200,
    "errorCount" : 30,
    "errorPct" : 2.5,
    "meanResTime" : 2802.608333333335,
    "medianResTime" : 448.5,
    "minResTime" : 160.0,
    "maxResTime" : 62388.0,
    "pct1ResTime" : 2512.800000000002,
    "pct2ResTime" : 15833.050000000001,
    "pct3ResTime" : 60194.88,
    "throughput" : 4.249412164650557,
    "receivedKBytesPerSec" : 27.259698923615048,
    "sentKBytesPerSec" : 2.286548928439899
  },
  "08_Buy-122" : {
    "transaction" : "08_Buy-122",
    "sampleCount" : 1200,
    "errorCount" : 2,
    "errorPct" : 0.16666667,
    "meanResTime" : 424.11500000000007,
    "medianResTime" : 182.0,
    "minResTime" : 157.0,